Ticker,Avg_Daily_Return,Beta,Annual_Volatility,Cluster_Agglom,Label_Agglom,Cluster_KMeans,Label_KMeans
A,0.00017482933159108406,0.7991336207045566,0.2623637063916248,1,Defensive / Low-Risk,1,Defensive / Low-Risk
AAPL,0.001099575277548379,1.0045102942728827,0.2118850774619436,1,Defensive / Low-Risk,1,Defensive / Low-Risk
ABBV,0.0006796446670662464,0.23855374163132964,0.21610789906833847,1,Defensive / Low-Risk,1,Defensive / Low-Risk
ABNB,0.0005203765166486859,1.5049284019724036,0.35667980907581054,0,Aggressive Growth,0,Aggressive Growth
ABT,0.00018428036481085163,0.2618822247930306,0.1798457007778441,1,Defensive / Low-Risk,1,Defensive / Low-Risk
ACGL,0.0007954272813715315,0.42028104482788575,0.23322703416665058,1,Defensive / Low-Risk,1,Defensive / Low-Risk
ACN,0.0008252435789074228,0.7742291647865088,0.22703409525485885,1,Defensive / Low-Risk,1,Defensive / Low-Risk
ADBE,0.0009121877143130454,1.4165176619646809,0.3450638853882284,0,Aggressive Growth,0,Aggressive Growth
ADI,0.0006272119064459533,1.5671153437265692,0.2956327529377749,0,Aggressive Growth,0,Aggressive Growth
ADM,-0.0006128468336242213,0.47226645168201736,0.29163877133969607,1,Defensive / Low-Risk,1,Defensive / Low-Risk
ADP,0.0009082085028173123,0.5595057416406051,0.17626877493310117,1,Defensive / Low-Risk,1,Defensive / Low-Risk
ADSK,0.001168783828593033,1.38489083876723,0.2713223887275767,0,Aggressive Growth,0,Aggressive Growth
AEE,0.000195813301086356,0.21993775088065778,0.1932022580768208,1,Defensive / Low-Risk,1,Defensive / Low-Risk
AEP,0.0002635543271469535,0.19983412129398065,0.19271902540629024,1,Defensive / Low-Risk,1,Defensive / Low-Risk
AES,-0.0009166118295948993,0.9528203016556582,0.3735475651549486,1,Defensive / Low-Risk,1,Defensive / Low-Risk
AFL,0.0012144855926619377,0.4113092445738458,0.191835841645241,1,Defensive / Low-Risk,1,Defensive / Low-Risk
AIG,0.0010859346505335762,0.751687442989201,0.2077826631507912,1,Defensive / Low-Risk,1,Defensive / Low-Risk
AIZ,0.0013474671056599586,0.48604766992025555,0.21850355802851593,1,Defensive / Low-Risk,1,Defensive / Low-Risk
AJG,0.0008152949745832195,0.4099741488001101,0.17772447418329934,1,Defensive / Low-Risk,1,Defensive / Low-Risk
AKAM,0.000662213586921061,0.7389828478983861,0.2667050043044779,1,Defensive / Low-Risk,1,Defensive / Low-Risk
ALB,-0.001089588122085892,1.8202121933881947,0.5338137964996506,1,Defensive / Low-Risk,0,Aggressive Growth
ALGN,-0.0005203886174935882,1.6395979498113011,0.43306955557265175,1,Defensive / Low-Risk,0,Aggressive Growth
ALL,0.0014664555058670938,0.33616991379994693,0.22594019030592352,1,Defensive / Low-Risk,1,Defensive / Low-Risk
ALLE,0.0006400279997657738,0.8857511314284232,0.22223223645981544,1,Defensive / Low-Risk,1,Defensive / Low-Risk
AMAT,0.001221490014802112,2.0515212218193586,0.3888244736526,0,Aggressive Growth,0,Aggressive Growth
AMCR,0.00010706840701187354,0.612057816690302,0.21432607882696572,1,Defensive / Low-Risk,1,Defensive / Low-Risk
AMD,0.0012310548379658845,2.2038778759707762,0.4677034500256609,0,Aggressive Growth,0,Aggressive Growth
AME,0.0006595197808651698,0.7705013268792891,0.19541667419137942,1,Defensive / Low-Risk,1,Defensive / Low-Risk
AMGN,0.0005261551298200248,0.6337684750719845,0.24038652950492823,1,Defensive / Low-Risk,1,Defensive / Low-Risk
AMP,0.0016744344357894827,0.9894548864005933,0.20950204450599605,1,Defensive / Low-Risk,1,Defensive / Low-Risk
AMT,0.00013095317184380164,0.30845618765774235,0.2543197187714429,1,Defensive / Low-Risk,1,Defensive / Low-Risk
AMZN,0.0019558238203826353,1.519128185042054,0.2882962798917197,0,Aggressive Growth,0,Aggressive Growth
ANET,0.0032056834243014178,1.9447516441206807,0.4327037663754098,0,Aggressive Growth,0,Aggressive Growth
AON,0.0003794675373817799,0.40632270190978265,0.19867017360719716,1,Defensive / Low-Risk,1,Defensive / Low-Risk
AOS,0.00013468301370024187,0.8526870405748785,0.23431540253087735,1,Defensive / Low-Risk,1,Defensive / Low-Risk
APA,-0.0004515279290916891,0.5489564366130624,0.3464515544560801,1,Defensive / Low-Risk,1,Defensive / Low-Risk
APD,0.0002333939090729108,0.5459490646255697,0.2705785894934133,1,Defensive / Low-Risk,1,Defensive / Low-Risk
APH,0.0016399465568363285,1.3444054213919479,0.23439261631441985,0,Aggressive Growth,0,Aggressive Growth
APO,0.0027649830655866077,1.3936343901471369,0.29929513517255035,0,Aggressive Growth,0,Aggressive Growth
APP,0.008086858625633105,2.27899736296367,0.7226951762442922,0,Aggressive Growth,0,Aggressive Growth
APTV,-0.0007418422828595156,1.231858474506891,0.3619966046139995,1,Defensive / Low-Risk,0,Aggressive Growth
ARE,-0.0001559781223556267,1.036219412581666,0.3035611795038591,1,Defensive / Low-Risk,1,Defensive / Low-Risk
ARES,0.0021748042711795556,1.255639251268554,0.2653817683412274,0,Aggressive Growth,0,Aggressive Growth
ATO,0.0005578871707175448,0.32809638543263064,0.15725740942020544,1,Defensive / Low-Risk,1,Defensive / Low-Risk
AVB,0.0007216884770583617,0.6253506305283546,0.19206005849765273,1,Defensive / Low-Risk,1,Defensive / Low-Risk
AVGO,0.0037064616035795057,2.309459770151576,0.4739620196907777,0,Aggressive Growth,0,Aggressive Growth
AVY,0.0003979781177970368,0.7939589901105905,0.1896870667471758,1,Defensive / Low-Risk,1,Defensive / Low-Risk
AWK,-0.00023663881093194806,0.46545131585378285,0.20610525509171343,1,Defensive / Low-Risk,1,Defensive / Low-Risk
AXON,0.0027325423436610325,1.0488815732362646,0.42469995612745054,0,Aggressive Growth,0,Aggressive Growth
AXP,0.001809990418322849,1.0845509449285924,0.2321237472009304,0,Aggressive Growth,0,Aggressive Growth
AZO,0.0005321294116429744,0.5345851267161702,0.21173061230886997,1,Defensive / Low-Risk,1,Defensive / Low-Risk
BA,-6.18393838491849e-05,0.7645156310030875,0.3134208284970685,1,Defensive / Low-Risk,1,Defensive / Low-Risk
BAC,0.0013986067154265129,0.9540063794017828,0.237060751763105,1,Defensive / Low-Risk,0,Aggressive Growth
BALL,2.2501589078669515e-05,0.8527597086776716,0.26543155423672327,1,Defensive / Low-Risk,1,Defensive / Low-Risk
BAX,-0.0007810629404979646,0.5312074100884017,0.2760719980556201,1,Defensive / Low-Risk,1,Defensive / Low-Risk
BBY,0.000804119028579149,0.832991213592889,0.30414512183135245,1,Defensive / Low-Risk,0,Aggressive Growth
BDX,-0.0001167679348712452,0.39286049501326914,0.19052929635734933,1,Defensive / Low-Risk,1,Defensive / Low-Risk
BEN,-0.00012881761909759736,1.10044646834563,0.28717795757099984,1,Defensive / Low-Risk,1,Defensive / Low-Risk
BG,-0.00010796700443628415,0.3460940433892231,0.23553676547721192,1,Defensive / Low-Risk,1,Defensive / Low-Risk
BIIB,-0.001607969518740934,0.6412940893326833,0.2376331510918269,1,Defensive / Low-Risk,1,Defensive / Low-Risk
BK,0.0017508825285181642,0.7695975557750593,0.19322490723614308,1,Defensive / Low-Risk,1,Defensive / Low-Risk
BKNG,0.0017066519903974461,1.0962953785566656,0.259784295276952,0,Aggressive Growth,0,Aggressive Growth
BKR,0.0012197970515265889,0.7082700698221043,0.2583497557645775,1,Defensive / Low-Risk,1,Defensive / Low-Risk
BLDR,0.0010756626819357468,1.7113598376763122,0.4319159034822519,0,Aggressive Growth,0,Aggressive Growth
BLK,0.001342516355581425,1.002847190168272,0.19244839764681265,1,Defensive / Low-Risk,1,Defensive / Low-Risk
BMY,-0.0001085163913783578,0.2729618219813321,0.2551329375520683,1,Defensive / Low-Risk,1,Defensive / Low-Risk
BR,0.001067927661536821,0.699115215464126,0.17800130101978323,1,Defensive / Low-Risk,1,Defensive / Low-Risk
BRO,0.001207859918509103,0.5731392895870743,0.18291921449549314,1,Defensive / Low-Risk,1,Defensive / Low-Risk
BSX,0.0013698787320803086,0.5084724153413085,0.18682981420924685,1,Defensive / Low-Risk,1,Defensive / Low-Risk
BX,0.002098796405826523,1.4926727327564742,0.29885225256197445,0,Aggressive Growth,0,Aggressive Growth
BXP,0.0014354755880075028,1.3459315990766019,0.36465557035155416,0,Aggressive Growth,0,Aggressive Growth
C,0.0013460271928220332,1.0717729799402536,0.24746857868924865,0,Aggressive Growth,0,Aggressive Growth
CAG,-0.00047457115623134445,0.1474777296100985,0.2086512080268958,1,Defensive / Low-Risk,1,Defensive / Low-Risk
CAH,0.0010749108880811285,0.2255255985027267,0.21202577854423046,1,Defensive / Low-Risk,1,Defensive / Low-Risk
CARR,0.0014318348187387915,1.2932225926762755,0.2835509211977352,0,Aggressive Growth,0,Aggressive Growth
CASY,0.0013820157786585009,0.676725807846758,0.26729000584508683,1,Defensive / Low-Risk,1,Defensive / Low-Risk
CAT,0.0015134692224501132,1.2460362678982635,0.2703460675780798,0,Aggressive Growth,0,Aggressive Growth
CB,0.0009546571052908207,0.29273881441924987,0.1781018836225297,1,Defensive / Low-Risk,1,Defensive / Low-Risk
CBOE,0.0009822707793931682,-0.2532260858127357,0.19857551924736913,1,Defensive / Low-Risk,1,Defensive / Low-Risk
CBRE,0.001531123867725144,0.9977648266234503,0.27117127266632135,0,Aggressive Growth,0,Aggressive Growth
CCI,-0.0002602494702917324,0.40717786216729834,0.24097287015334992,1,Defensive / Low-Risk,1,Defensive / Low-Risk
CCL,0.0027493969244104977,1.8350305136844725,0.4555479241093687,0,Aggressive Growth,0,Aggressive Growth
CDNS,0.0011205973022828004,1.7022433390503826,0.3224055895286006,0,Aggressive Growth,0,Aggressive Growth
CDW,0.0003130579968924183,0.9449753335784654,0.24276846618632594,1,Defensive / Low-Risk,1,Defensive / Low-Risk
CEG,0.002922658802863046,1.3392718579989362,0.4403036824662247,0,Aggressive Growth,0,Aggressive Growth
CF,0.0007294104332406966,0.43690688577804904,0.2827790764061683,1,Defensive / Low-Risk,1,Defensive / Low-Risk
CFG,0.0017724554476549147,1.2907827732815134,0.3457707288203015,0,Aggressive Growth,0,Aggressive Growth
CHD,0.00027238606744320787,0.08693568733091527,0.1707525837478483,1,Defensive / Low-Risk,1,Defensive / Low-Risk
CHRW,0.00028656238665759345,0.4534563511921887,0.2847720339167927,1,Defensive / Low-Risk,1,Defensive / Low-Risk
CHTR,0.0002293043138510826,0.8904146351888216,0.3692179084336279,1,Defensive / Low-Risk,0,Aggressive Growth
CI,0.0005245718465160675,0.27735313877375006,0.2800995206053311,1,Defensive / Low-Risk,1,Defensive / Low-Risk
CIEN,0.0018852618279209395,1.3491867348003257,0.39089382500344694,0,Aggressive Growth,0,Aggressive Growth
CINF,0.0009800346068471234,0.5858148310779084,0.21458603823216532,1,Defensive / Low-Risk,1,Defensive / Low-Risk
CL,0.0004113438696429109,0.11482936819815638,0.15068654354309774,1,Defensive / Low-Risk,1,Defensive / Low-Risk
CLX,8.89321579135967e-05,0.26139746014229237,0.21744366657572184,1,Defensive / Low-Risk,1,Defensive / Low-Risk
CMCSA,4.3691421786207556e-05,0.626380328133818,0.23045009379225856,1,Defensive / Low-Risk,1,Defensive / Low-Risk
CME,0.0008225221169236868,0.07311482274641115,0.16615344508820448,1,Defensive / Low-Risk,1,Defensive / Low-Risk
CMG,0.001088599164288416,0.8374011580318912,0.2682178951072428,1,Defensive / Low-Risk,0,Aggressive Growth
CMI,0.0013083511552780727,0.8135836999977787,0.23739509975096515,1,Defensive / Low-Risk,1,Defensive / Low-Risk
CMS,0.000381693371477333,0.16913988703154836,0.17543077828751882,1,Defensive / Low-Risk,1,Defensive / Low-Risk
CNC,-8.716535228722726e-05,0.299075334178514,0.28506867534635244,1,Defensive / Low-Risk,1,Defensive / Low-Risk
CNP,0.0003129242752601411,0.34929523963469616,0.196164139565097,1,Defensive / Low-Risk,1,Defensive / Low-Risk
COF,0.0020115070945986653,1.119273357431435,0.2945340370660551,0,Aggressive Growth,0,Aggressive Growth
COHR,0.003406850439112509,2.6068200009889133,0.6123543680327979,0,Aggressive Growth,0,Aggressive Growth
COIN,0.0051945187485517175,3.034622601128019,0.8259959428684291,0,Aggressive Growth,0,Aggressive Growth
COO,3.4391447143234064e-05,0.6349932029639128,0.2359700238764686,1,Defensive / Low-Risk,1,Defensive / Low-Risk
COP,0.0002771098679827854,0.35274848033342404,0.2310944658628595,1,Defensive / Low-Risk,1,Defensive / Low-Risk
COR,0.0008133006882898172,0.09889522547894218,0.16696583272832224,1,Defensive / Low-Risk,1,Defensive / Low-Risk
COST,0.0016431769252635044,0.80980250654696,0.18201206360820335,1,Defensive / Low-Risk,1,Defensive / Low-Risk
CPAY,0.0011136785561623478,0.9510172357707397,0.24515395174067264,1,Defensive / Low-Risk,0,Aggressive Growth
CPB,-0.0004075465683625093,-0.030684750697088946,0.22050124415351044,1,Defensive / Low-Risk,1,Defensive / Low-Risk
CPRT,0.001021379516843168,1.0166019163142337,0.22761224815890793,1,Defensive / Low-Risk,1,Defensive / Low-Risk
CPT,0.00041042425214142026,0.6774100343730933,0.21785492420162647,1,Defensive / Low-Risk,1,Defensive / Low-Risk
CRH,0.0017717053597789713,1.2338099843870503,0.25829563562016183,0,Aggressive Growth,0,Aggressive Growth
CRL,0.00017454715638253026,1.3680769095061522,0.34680260300707705,0,Aggressive Growth,0,Aggressive Growth
CRM,0.001554491576006156,1.320856004985502,0.32528769025151966,0,Aggressive Growth,0,Aggressive Growth
CRWD,0.00294902741916136,1.811231825167187,0.4431641237899949,0,Aggressive Growth,0,Aggressive Growth
CSCO,0.0008027974055528762,0.6974840132023332,0.1867113594888657,1,Defensive / Low-Risk,1,Defensive / Low-Risk
CSGP,6.587946996224887e-05,0.9211378507457066,0.28106553972193754,1,Defensive / Low-Risk,1,Defensive / Low-Risk
CSX,0.00021232430266601417,0.7433809740471276,0.20343249007370443,1,Defensive / Low-Risk,1,Defensive / Low-Risk
CTAS,0.0012440842056768377,0.843507140407537,0.20609527966709182,1,Defensive / Low-Risk,1,Defensive / Low-Risk
CTRA,0.00038360631503635197,0.6275365883112056,0.24292153255974877,1,Defensive / Low-Risk,1,Defensive / Low-Risk
CTSH,0.0006392003673828167,0.8089858853755232,0.20886338781716532,1,Defensive / Low-Risk,1,Defensive / Low-Risk
CTVA,0.00020664905878538855,0.734716483938407,0.28177758701641376,1,Defensive / Low-Risk,1,Defensive / Low-Risk
CVNA,0.01024054578834803,3.258963455347038,1.1051478848938294,0,Aggressive Growth,0,Aggressive Growth
CVS,-0.0006691219784979028,0.4509221857365396,0.3263256954093302,1,Defensive / Low-Risk,1,Defensive / Low-Risk
CVX,7.270881226902194e-05,0.40554294001069535,0.20262091730950502,1,Defensive / Low-Risk,1,Defensive / Low-Risk
D,0.0002085902510569036,0.22710386636572882,0.23366693239725106,1,Defensive / Low-Risk,1,Defensive / Low-Risk
DAL,0.0016775459912342805,1.292027695396075,0.311525024178842,0,Aggressive Growth,0,Aggressive Growth
DASH,0.0026101634741613365,1.4053112285916254,0.35871433248819207,0,Aggressive Growth,0,Aggressive Growth
DD,0.0006195200435115726,0.7894411963252768,0.24372369493921028,1,Defensive / Low-Risk,1,Defensive / Low-Risk
DDOG,0.001936935905948082,1.6331086773746868,0.45583917293468845,0,Aggressive Growth,0,Aggressive Growth
DE,0.00047671516281796994,0.7937231485453248,0.24058483155434815,1,Defensive / Low-Risk,1,Defensive / Low-Risk
DECK,0.0025125472297913383,1.3192798128252763,0.3752830872972847,0,Aggressive Growth,0,Aggressive Growth
DELL,0.002890535280461374,1.7541628703771273,0.523570372418978,0,Aggressive Growth,0,Aggressive Growth
DG,-0.002034769808430277,0.27336785854962387,0.43072726220548774,1,Defensive / Low-Risk,1,Defensive / Low-Risk
DGX,0.0004095862084602957,0.2814496875748034,0.19259329148110724,1,Defensive / Low-Risk,1,Defensive / Low-Risk
DHI,0.000862958185732772,0.9925843675446673,0.31472122001456915,0,Aggressive Growth,0,Aggressive Growth
DHR,0.0002747378123665904,0.6869346802957856,0.22213381909694196,1,Defensive / Low-Risk,1,Defensive / Low-Risk
DIS,0.0004826218370804808,0.6525507011022462,0.25973311460280857,1,Defensive / Low-Risk,1,Defensive / Low-Risk
DLR,0.0017701285625371045,1.0452700467672624,0.27387731096648615,0,Aggressive Growth,0,Aggressive Growth
DLTR,-0.0013849834619608235,0.6131793171713439,0.38144921547937977,1,Defensive / Low-Risk,1,Defensive / Low-Risk
DOC,0.0002617650913868772,0.8300301692907143,0.26121652894481706,1,Defensive / Low-Risk,1,Defensive / Low-Risk
DOV,0.000806324429812236,0.9297770417922374,0.20709001028046148,1,Defensive / Low-Risk,1,Defensive / Low-Risk
DOW,-0.00037317740392078856,0.7238185153353801,0.20655694497050908,1,Defensive / Low-Risk,1,Defensive / Low-Risk
DPZ,0.000923729651977457,0.8062014290772869,0.276029769766321,1,Defensive / Low-Risk,0,Aggressive Growth
DRI,0.0007183649038486229,0.6467631917056516,0.24240862042602576,1,Defensive / Low-Risk,1,Defensive / Low-Risk
DTE,0.00038296644504400853,0.25265931354437116,0.18501736758159318,1,Defensive / Low-Risk,1,Defensive / Low-Risk
DUK,0.000456151088742721,0.167995007691352,0.16908900043937383,1,Defensive / Low-Risk,1,Defensive / Low-Risk
DVA,0.0015267044404407022,0.49806939936967287,0.34064768720743877,1,Defensive / Low-Risk,0,Aggressive Growth
DVN,-0.0005984444139699194,0.6646266880025594,0.27349167368100846,1,Defensive / Low-Risk,1,Defensive / Low-Risk
DXCM,-0.00041843103427574823,0.5984002810392749,0.498102259418684,1,Defensive / Low-Risk,1,Defensive / Low-Risk
EA,0.00048619902904066314,0.6835734122589993,0.18304999768346003,1,Defensive / Low-Risk,1,Defensive / Low-Risk
EBAY,0.0010205169902514917,0.8072011344304703,0.2573161665926413,1,Defensive / Low-Risk,1,Defensive / Low-Risk
ECL,0.0008471770321278443,0.6315004247336874,0.18289591161199165,1,Defensive / Low-Risk,1,Defensive / Low-Risk
ED,-3.432964543823238e-05,0.094447359907614,0.16870348600232085,1,Defensive / Low-Risk,1,Defensive / Low-Risk
EFX,0.0008023992793748794,1.1785576460501894,0.2833194699924577,0,Aggressive Growth,0,Aggressive Growth
EG,0.00014064304327778105,0.49282067594214696,0.2440666020274746,1,Defensive / Low-Risk,1,Defensive / Low-Risk
EIX,0.00045911133161659183,0.37674219080857163,0.19239923108221174,1,Defensive / Low-Risk,1,Defensive / Low-Risk
EL,-0.001897867445183847,1.1760414289429195,0.430991304542661,1,Defensive / Low-Risk,1,Defensive / Low-Risk
ELV,-0.00034768911201746603,0.4088189605249739,0.23333914265340294,1,Defensive / Low-Risk,1,Defensive / Low-Risk
EME,0.0026019323104914988,1.1610169492554394,0.289182787731688,0,Aggressive Growth,0,Aggressive Growth
EMR,0.0011720400116187759,1.0647722561199549,0.24231662408057042,1,Defensive / Low-Risk,0,Aggressive Growth
EOG,0.000474076143058076,0.3996417215129102,0.23832783697630422,1,Defensive / Low-Risk,1,Defensive / Low-Risk
EPAM,6.181331090045581e-05,1.0678387017209845,0.43986244272456565,1,Defensive / Low-Risk,0,Aggressive Growth
EQIX,0.0008152713495167852,0.8861428019820388,0.2424151813764029,1,Defensive / Low-Risk,1,Defensive / Low-Risk
EQR,0.0005566034411631339,0.633179624915205,0.1975498496664596,1,Defensive / Low-Risk,1,Defensive / Low-Risk
EQT,0.0012312473610611126,0.7791376858986063,0.3273086238811518,1,Defensive / Low-Risk,0,Aggressive Growth
ERIE,0.0016702154488210336,0.43638299146798143,0.2890165297471447,1,Defensive / Low-Risk,1,Defensive / Low-Risk
ES,-0.0003934306565889547,0.30451343811971604,0.24053143006921526,1,Defensive / Low-Risk,1,Defensive / Low-Risk
ESS,0.000894905121220771,0.7629145422915382,0.21785037303440447,1,Defensive / Low-Risk,1,Defensive / Low-Risk
ETN,0.0018343169485167078,1.4886858568784822,0.2714916755268663,0,Aggressive Growth,0,Aggressive Growth
ETR,0.0011028304153757203,0.19952733069745712,0.2221657527407279,1,Defensive / Low-Risk,1,Defensive / Low-Risk
EVRG,0.00022958029035409676,0.2716783535277764,0.17852346839607688,1,Defensive / Low-Risk,1,Defensive / Low-Risk
EW,-0.00011444456860114743,0.8791962060934911,0.3660295963565259,1,Defensive / Low-Risk,0,Aggressive Growth
EXC,-5.6119839892533746e-05,0.2073946460015245,0.19565997125483583,1,Defensive / Low-Risk,1,Defensive / Low-Risk
EXE,0.0008831657277345553,0.7120066321285706,0.25451005857164954,1,Defensive / Low-Risk,1,Defensive / Low-Risk
EXPD,1.9610291712245027e-06,0.6199343015231428,0.19420231416917255,1,Defensive / Low-Risk,1,Defensive / Low-Risk
EXPE,0.002097151054889572,1.2572135223090206,0.40345937427976597,0,Aggressive Growth,0,Aggressive Growth
EXR,0.00031889870476261987,0.8094040821607933,0.28405435592401224,1,Defensive / Low-Risk,1,Defensive / Low-Risk
F,0.00010712535615621146,1.1846384388099422,0.3528180133964249,0,Aggressive Growth,0,Aggressive Growth
FANG,0.0009506063668735703,0.4856674604251722,0.2624654070000546,1,Defensive / Low-Risk,1,Defensive / Low-Risk
FAST,0.0008756058595574636,0.7453349555106302,0.21685070065440423,1,Defensive / Low-Risk,1,Defensive / Low-Risk
FCX,0.000472762477343297,1.383074624934121,0.34645884137382504,0,Aggressive Growth,0,Aggressive Growth
FDS,0.0005894009323356328,0.6921769915535649,0.2024815169401165,1,Defensive / Low-Risk,1,Defensive / Low-Risk
FDX,0.0007708288705281614,0.782230949387714,0.2864043720637314,1,Defensive / Low-Risk,1,Defensive / Low-Risk
FE,0.0002628329572142632,0.27482801978527416,0.1671324731336253,1,Defensive / Low-Risk,1,Defensive / Low-Risk
FFIV,0.0016697749562885388,0.9625642776736906,0.23438353324215103,0,Aggressive Growth,0,Aggressive Growth
FICO,0.002552572439548471,1.1387744779597029,0.28845170202668924,0,Aggressive Growth,0,Aggressive Growth
FIS,0.0012134916136405068,0.7697293175407659,0.22770888105300965,1,Defensive / Low-Risk,1,Defensive / Low-Risk
FISV,0.0013952511477286287,0.7324805380808704,0.1748034496769797,1,Defensive / Low-Risk,1,Defensive / Low-Risk
FITB,0.001787188772626156,1.0812878859718071,0.29788311216077035,0,Aggressive Growth,0,Aggressive Growth
FIX,0.002863729443598863,1.73084318716855,0.4022274468130058,0,Aggressive Growth,0,Aggressive Growth
FOX,0.0012736745586027153,0.4661999527419601,0.21125932353792845,1,Defensive / Low-Risk,1,Defensive / Low-Risk
FOXA,0.0012154550357776908,0.46185723912591453,0.2173484550321593,1,Defensive / Low-Risk,1,Defensive / Low-Risk
FRT,0.0005923871495614393,0.6092341152708801,0.20149310179402388,1,Defensive / Low-Risk,1,Defensive / Low-Risk
FSLR,0.0006072004969042985,1.3161484083687107,0.5331350740491425,1,Defensive / Low-Risk,0,Aggressive Growth
FTNT,0.0013787196153866393,0.9411017649832254,0.40822331273194273,1,Defensive / Low-Risk,0,Aggressive Growth
FTV,0.0005021109712553406,1.0488450481205653,0.21744660896938234,1,Defensive / Low-Risk,1,Defensive / Low-Risk
GD,0.0006974030614183118,0.5112634137958825,0.17831970076104112,1,Defensive / Low-Risk,1,Defensive / Low-Risk
GDDY,0.0025330355197382332,0.923273773437503,0.2495454089749537,0,Aggressive Growth,0,Aggressive Growth
GE,0.001957624360546528,1.1689518106746082,0.27662235122531265,0,Aggressive Growth,0,Aggressive Growth
GEHC,0.00015440455366221665,0.9671605824008006,0.2746228790380428,1,Defensive / Low-Risk,1,Defensive / Low-Risk
GEN,0.001497782743843841,0.915195041446848,0.30230990299467647,1,Defensive / Low-Risk,0,Aggressive Growth
GILD,0.0006572322685223683,0.3280854474711315,0.22812474854571732,1,Defensive / Low-Risk,1,Defensive / Low-Risk
GIS,-0.0006167789548195667,-0.10028951544106428,0.18278762643823865,1,Defensive / Low-Risk,1,Defensive / Low-Risk
GL,0.0008799211166851785,0.39735472363694163,0.515412583107804,1,Defensive / Low-Risk,0,Aggressive Growth
GLW,0.001249774272942068,0.8416742568656449,0.24623413432940253,1,Defensive / Low-Risk,1,Defensive / Low-Risk
GM,0.0014860595176755494,1.002574630549026,0.31445989977064287,0,Aggressive Growth,0,Aggressive Growth
GNRC,0.001233424104939438,1.5555511800255704,0.43643474305460106,0,Aggressive Growth,0,Aggressive Growth
GOOG,0.001583036768134065,1.2546984277246511,0.27542568688421987,0,Aggressive Growth,0,Aggressive Growth
GOOGL,0.001582059291404611,1.2490604819254933,0.2768979571576429,0,Aggressive Growth,0,Aggressive Growth
GPC,-0.0006209091504517026,0.7633822821341536,0.2943873651669493,1,Defensive / Low-Risk,1,Defensive / Low-Risk
GPN,0.0004345302100225083,1.0123484597403156,0.2837994747224969,0,Aggressive Growth,0,Aggressive Growth
GRMN,0.0019459379475450127,0.757905145175875,0.29186928614492086,1,Defensive / Low-Risk,0,Aggressive Growth
GS,0.0016202060865664076,1.1483224501036498,0.2458341018839908,0,Aggressive Growth,0,Aggressive Growth
GWW,0.0012220419122479765,0.8528240056013854,0.2114536274209486,1,Defensive / Low-Risk,1,Defensive / Low-Risk
HAL,9.386489195869009e-05,0.6973401815532788,0.29089255647420786,1,Defensive / Low-Risk,1,Defensive / Low-Risk
HAS,0.0001915725973258538,0.7258741043287377,0.3018530133610769,1,Defensive / Low-Risk,1,Defensive / Low-Risk
HBAN,0.0016754104066529691,1.1301908214950178,0.2905072242873388,0,Aggressive Growth,0,Aggressive Growth
HCA,0.0003311679127358357,0.6153192615909439,0.23410327761885374,1,Defensive / Low-Risk,1,Defensive / Low-Risk
HD,0.0009256829517742478,0.85477246688208,0.2000251813641748,1,Defensive / Low-Risk,1,Defensive / Low-Risk
HIG,0.0012928566780642174,0.4707068480999764,0.19218640294226144,1,Defensive / Low-Risk,1,Defensive / Low-Risk
HII,0.0002508994206778967,0.798847822630286,0.3079933482895533,1,Defensive / Low-Risk,1,Defensive / Low-Risk
HLT,0.0014104042648996544,0.9382857270145304,0.19750282334609606,1,Defensive / Low-Risk,1,Defensive / Low-Risk
HON,0.000489300322688339,0.7060048166569863,0.17547564775228278,1,Defensive / Low-Risk,1,Defensive / Low-Risk
HOOD,0.0041792238706835245,2.280742442621778,0.5616949181202395,0,Aggressive Growth,0,Aggressive Growth
HPE,0.0014085940909192797,1.4288884421658914,0.352249293077826,0,Aggressive Growth,0,Aggressive Growth
HPQ,0.0005653540341998897,0.9331796629342421,0.295800802382643,0,Aggressive Growth,0,Aggressive Growth
HRL,-0.00038812621990292614,0.22220766515791363,0.25337377161453484,1,Defensive / Low-Risk,1,Defensive / Low-Risk
HSIC,-0.00020334003003314732,0.48825429191166364,0.24428263162599745,1,Defensive / Low-Risk,1,Defensive / Low-Risk
HST,0.0003651013475831326,1.0840716875411058,0.24072141542405412,1,Defensive / Low-Risk,1,Defensive / Low-Risk
HSY,-0.0009580534311617549,0.19273098956666523,0.21941733906377753,1,Defensive / Low-Risk,1,Defensive / Low-Risk
HUBB,0.0012697467079035422,1.3429596943049749,0.27848472642811484,0,Aggressive Growth,0,Aggressive Growth
HUM,-0.0014483907457667807,0.2829255862654573,0.36258043813542207,1,Defensive / Low-Risk,1,Defensive / Low-Risk
HWM,0.0024079904700121326,1.1710796881935652,0.29780189051806255,0,Aggressive Growth,0,Aggressive Growth
IBKR,0.002330869771524819,0.7515804550685962,0.25968255942165425,0,Aggressive Growth,0,Aggressive Growth
IBM,0.001656823772969147,0.6947187494127991,0.20436652816202658,1,Defensive / Low-Risk,1,Defensive / Low-Risk
ICE,0.0009081830319546354,0.5963622981602374,0.16211259277292336,1,Defensive / Low-Risk,1,Defensive / Low-Risk
IDXX,-0.0001494561012641599,1.2099646068632914,0.2802193788940626,1,Defensive / Low-Risk,1,Defensive / Low-Risk
IEX,0.0001551654127575082,0.8443789126045836,0.2034901248363385,1,Defensive / Low-Risk,1,Defensive / Low-Risk
IFF,3.1265985975202043e-05,0.7205309544637233,0.3065752675279419,1,Defensive / Low-Risk,1,Defensive / Low-Risk
INCY,0.0002557694078225563,0.4280037573105281,0.28012721605619495,1,Defensive / Low-Risk,1,Defensive / Low-Risk
INTC,-0.0005611431759066667,1.9049199985037126,0.46854558107192307,1,Defensive / Low-Risk,0,Aggressive Growth
INTU,0.0011264506172130497,1.3227028386094677,0.27468162028175536,0,Aggressive Growth,0,Aggressive Growth
INVH,0.00013576373639875012,0.8357314281354847,0.20628662941855197,1,Defensive / Low-Risk,1,Defensive / Low-Risk
IP,0.0016251675063506089,0.4273999631617267,0.2852798476446026,1,Defensive / Low-Risk,1,Defensive / Low-Risk
IQV,0.0003013184145296199,1.1831138713957658,0.27559817346491766,0,Aggressive Growth,0,Aggressive Growth
IR,0.001230074224953394,1.2274579047759075,0.24693123081965063,0,Aggressive Growth,0,Aggressive Growth
IRM,0.001790671274246041,0.8759739865511277,0.24780247531951347,0,Aggressive Growth,0,Aggressive Growth
ISRG,0.0014414336986399445,1.1406258032233412,0.26568272177548863,0,Aggressive Growth,0,Aggressive Growth
IT,0.0012547209627491998,1.106966588366061,0.23758498163125039,1,Defensive / Low-Risk,0,Aggressive Growth
ITW,0.000411815917129699,0.6690606141781876,0.16472207136626255,1,Defensive / Low-Risk,1,Defensive / Low-Risk
IVZ,0.0006073063555612932,1.3685026554252724,0.3059060450437146,0,Aggressive Growth,0,Aggressive Growth
J,0.0009123335442454497,0.7987713541491965,0.21529252044762123,1,Defensive / Low-Risk,1,Defensive / Low-Risk
JBHT,0.00011121824369656146,0.9746513878260931,0.25725492854672244,1,Defensive / Low-Risk,1,Defensive / Low-Risk
JBL,0.001850253014698899,1.3809210948950106,0.3889796609776796,0,Aggressive Growth,0,Aggressive Growth
JCI,0.0009427965999612538,1.209799405230081,0.2543242679222117,0,Aggressive Growth,0,Aggressive Growth
JKHY,0.000531711011801698,0.5266458133351363,0.1904395145172103,1,Defensive / Low-Risk,1,Defensive / Low-Risk
JNJ,-9.760547942648985e-05,0.0673467339249107,0.15472450190132395,1,Defensive / Low-Risk,1,Defensive / Low-Risk
JPM,0.0015690210357458213,0.8097000725903047,0.20770023953998176,1,Defensive / Low-Risk,1,Defensive / Low-Risk
KDP,0.00012922191748026424,0.21178693650945446,0.1767581579630262,1,Defensive / Low-Risk,1,Defensive / Low-Risk
KEY,0.0021322614370837567,1.449028180996622,0.39780219053263294,0,Aggressive Growth,0,Aggressive Growth
KEYS,0.00048785025864509234,1.38625112602841,0.3011256492718892,0,Aggressive Growth,0,Aggressive Growth
KHC,-0.0004204258278528254,0.20418213517127373,0.1864462153855092,1,Defensive / Low-Risk,1,Defensive / Low-Risk
KIM,0.0008908578823805206,0.7408887615070788,0.23648212213083908,1,Defensive / Low-Risk,1,Defensive / Low-Risk
KKR,0.002847409227857121,1.6562610230309138,0.3096620465084389,0,Aggressive Growth,0,Aggressive Growth
KLAC,0.0016075092669653485,2.10302191544544,0.39234553059369565,0,Aggressive Growth,0,Aggressive Growth
KMB,-2.427151346776245e-05,0.14556482609289773,0.16755490322757965,1,Defensive / Low-Risk,1,Defensive / Low-Risk
KMI,0.0014781004478049652,0.539810003207571,0.18057126081673636,1,Defensive / Low-Risk,1,Defensive / Low-Risk
KO,0.00010734750728671914,0.1850537007405328,0.1321273282989383,1,Defensive / Low-Risk,1,Defensive / Low-Risk
KR,0.0007530273731256903,0.24815795964478402,0.21177857014743945,1,Defensive / Low-Risk,1,Defensive / Low-Risk
KVUE,-0.0002792484326392665,0.4439035089672688,0.2639417082337262,1,Defensive / Low-Risk,1,Defensive / Low-Risk
L,0.0009692943387390795,0.5225302415194569,0.15807040893598237,1,Defensive / Low-Risk,1,Defensive / Low-Risk
LDOS,0.0015947557109577948,0.5462362060101155,0.2382501472499409,1,Defensive / Low-Risk,1,Defensive / Low-Risk
LEN,0.0006904348467581485,1.0411329702128358,0.3011056758348451,0,Aggressive Growth,0,Aggressive Growth
LH,0.0005791916278729793,0.4473260724958986,0.19995125552845192,1,Defensive / Low-Risk,1,Defensive / Low-Risk
LHX,0.0004779015943454257,0.43693710525437224,0.20886466500743928,1,Defensive / Low-Risk,1,Defensive / Low-Risk
LII,0.0020650645990037456,1.2100125881331434,0.2726308194083287,0,Aggressive Growth,0,Aggressive Growth
LIN,0.0004592555384304598,0.5778532052301812,0.15769745234910204,1,Defensive / Low-Risk,1,Defensive / Low-Risk
LITE,0.0019158847372482443,2.3132190021593697,0.5244285270614257,0,Aggressive Growth,0,Aggressive Growth
LLY,0.0016237511655437056,0.7954549811878151,0.3033391998369579,1,Defensive / Low-Risk,0,Aggressive Growth
LMT,0.00034543516363316003,0.12420349609262298,0.1750262213391322,1,Defensive / Low-Risk,1,Defensive / Low-Risk
LNT,0.0003781770560444567,0.2664035697017454,0.18262496782491722,1,Defensive / Low-Risk,1,Defensive / Low-Risk
LOW,0.0006388515386740149,0.8881749531096742,0.22184027614338517,1,Defensive / Low-Risk,1,Defensive / Low-Risk
LRCX,0.0011857379235344502,2.0643414952508246,0.39887521474278786,0,Aggressive Growth,0,Aggressive Growth
LULU,0.0002578884619855005,1.2017405050369354,0.35980892271950693,0,Aggressive Growth,0,Aggressive Growth
LUV,0.0006643307504373934,0.8927878644574926,0.34397363213172016,0,Aggressive Growth,0,Aggressive Growth
LVS,-0.0002095411315867284,0.9333535560254824,0.29295250082450225,1,Defensive / Low-Risk,1,Defensive / Low-Risk
LYB,-0.00016080329362924443,0.6293992002068046,0.1943360677685723,1,Defensive / Low-Risk,1,Defensive / Low-Risk
LYV,0.0017407496703298,1.1655837235785946,0.28752021353691937,0,Aggressive Growth,0,Aggressive Growth
MA,0.0008801704554604991,0.7461248184956264,0.16199783240427237,1,Defensive / Low-Risk,1,Defensive / Low-Risk
MAA,0.00031340280414574197,0.6256968139276826,0.20635689804535706,1,Defensive / Low-Risk,1,Defensive / Low-Risk
MAR,0.0012350086360551982,1.0069219341261912,0.21702515424098087,1,Defensive / Low-Risk,1,Defensive / Low-Risk
MAS,0.0009645464285295213,0.9315471542682798,0.2508868137359488,1,Defensive / Low-Risk,1,Defensive / Low-Risk
MCD,0.00010628610814821867,0.3997168183422164,0.16214337353389996,1,Defensive / Low-Risk,1,Defensive / Low-Risk
MCHP,-0.00032270389677495673,1.837553906042915,0.36338494522576203,1,Defensive / Low-Risk,0,Aggressive Growth
MCK,0.0012703055308917334,0.03875065806425338,0.2381121187110505,1,Defensive / Low-Risk,1,Defensive / Low-Risk
MCO,0.0012087041102183237,0.9560343926873617,0.1949608974368426,1,Defensive / Low-Risk,1,Defensive / Low-Risk
MDLZ,-0.0004532373537916701,0.27560985380588876,0.17258485582541006,1,Defensive / Low-Risk,1,Defensive / Low-Risk
MDT,-6.025023671034052e-05,0.40410160357278324,0.1831601781560642,1,Defensive / Low-Risk,1,Defensive / Low-Risk
MET,0.0012339970923286104,0.8573918462261226,0.22777458387330415,1,Defensive / Low-Risk,1,Defensive / Low-Risk
META,0.0024298959315148263,1.5153086279302477,0.3323540059225264,0,Aggressive Growth,0,Aggressive Growth
MGM,-0.0002857844116954792,1.4688300123803972,0.33175449032878024,0,Aggressive Growth,0,Aggressive Growth
MKC,-0.00015969919592252624,0.23261789985100464,0.22211918387542265,1,Defensive / Low-Risk,1,Defensive / Low-Risk
MLM,0.0008058757386458502,1.068233325885505,0.22791097063374668,1,Defensive / Low-Risk,1,Defensive / Low-Risk
MMM,0.0013762292090007237,0.8725284905752428,0.3138748398810004,1,Defensive / Low-Risk,0,Aggressive Growth
MNST,-0.0001245086933069658,0.46306032391179114,0.22820362100979663,1,Defensive / Low-Risk,1,Defensive / Low-Risk
MO,0.000717262104380032,0.23726390063733527,0.17387027006778327,1,Defensive / Low-Risk,1,Defensive / Low-Risk
MOS,-0.0007475384036768984,0.8553204109331166,0.3351925064150504,1,Defensive / Low-Risk,1,Defensive / Low-Risk
MPC,0.0009232809544717334,0.5291073695653614,0.2772713785843942,1,Defensive / Low-Risk,1,Defensive / Low-Risk
MPWR,0.0011770893141045033,2.5355782675585243,0.5198640134801265,0,Aggressive Growth,0,Aggressive Growth
MRK,-0.00020523916147886055,0.22791782014921466,0.1966086544177527,1,Defensive / Low-Risk,1,Defensive / Low-Risk
MRNA,-0.0021909817613747543,1.2227866486396213,0.5562353747547628,1,Defensive / Low-Risk,1,Defensive / Low-Risk
MRSH,0.000525863053060933,0.38093074694085916,0.14210200578991591,1,Defensive / Low-Risk,1,Defensive / Low-Risk
MS,0.0012750426849852368,1.139629182894531,0.25767119457615506,0,Aggressive Growth,0,Aggressive Growth
MSCI,0.000807805749387656,0.7960451220098121,0.25658865435330114,1,Defensive / Low-Risk,1,Defensive / Low-Risk
MSFT,0.0008904811690278739,1.1819549760324992,0.2062444054502963,1,Defensive / Low-Risk,1,Defensive / Low-Risk
MSI,0.001222092865355579,0.6266361726408839,0.1756364680406933,1,Defensive / Low-Risk,1,Defensive / Low-Risk
MTB,0.00153120581782538,1.0463508148333052,0.2961443665249193,0,Aggressive Growth,0,Aggressive Growth
MTD,-0.0002713050441871111,0.9857758575212363,0.3012361462998876,1,Defensive / Low-Risk,1,Defensive / Low-Risk
MU,0.001217948778188459,1.914563914110483,0.45222765388547476,0,Aggressive Growth,0,Aggressive Growth
NCLH,0.001979453429928556,1.7131612086307384,0.4912616805359364,0,Aggressive Growth,0,Aggressive Growth
NDAQ,0.001024971296726901,0.6771322146368756,0.21287275362477126,1,Defensive / Low-Risk,1,Defensive / Low-Risk
NDSN,5.4835734239907765e-05,0.9295566476421381,0.21514705865638298,1,Defensive / Low-Risk,1,Defensive / Low-Risk
NEE,0.00014277744498921075,0.3944811114422492,0.2714888290898015,1,Defensive / Low-Risk,1,Defensive / Low-Risk
NEM,-0.000305247437318158,0.7389068669197659,0.34849441716251917,1,Defensive / Low-Risk,1,Defensive / Low-Risk
NFLX,0.002664950751792385,1.1914288234733776,0.3299096315009494,0,Aggressive Growth,0,Aggressive Growth
NI,0.0008165025838887247,0.3381089607459634,0.17945566103974708,1,Defensive / Low-Risk,1,Defensive / Low-Risk
NKE,-0.0009158871457456716,0.7268225692721676,0.3082826483421716,1,Defensive / Low-Risk,1,Defensive / Low-Risk
NOC,0.0002890796311674394,0.14522096249768662,0.19763984649996205,1,Defensive / Low-Risk,1,Defensive / Low-Risk
NOW,0.002361616752956766,1.4437675466049422,0.31637637416642783,0,Aggressive Growth,0,Aggressive Growth
NRG,0.0028348188982154324,0.924355811726442,0.31683146617171526,0,Aggressive Growth,0,Aggressive Growth
NSC,0.0005467382891384105,0.8889651734666952,0.2528044330198031,1,Defensive / Low-Risk,1,Defensive / Low-Risk
NTAP,0.0017391321109324434,1.1696478430795534,0.3037270714485284,0,Aggressive Growth,0,Aggressive Growth
NTRS,0.0011496725623832507,0.9521516275903782,0.2653543068498577,1,Defensive / Low-Risk,0,Aggressive Growth
NUE,-0.00018831915534547902,1.0435602056907634,0.30985884992300233,1,Defensive / Low-Risk,1,Defensive / Low-Risk
NVDA,0.0042996209490946905,2.491908160847997,0.5060510713794216,0,Aggressive Growth,0,Aggressive Growth
NVR,0.0009325387393554807,0.8815695410924145,0.23409015454368762,1,Defensive / Low-Risk,1,Defensive / Low-Risk
NWS,0.0015472798537029277,0.9469622832478742,0.22587336864771787,1,Defensive / Low-Risk,0,Aggressive Growth
NWSA,0.0013256656835983235,0.9507612583768736,0.22400338407389864,1,Defensive / Low-Risk,1,Defensive / Low-Risk
NXPI,0.0008766057941950213,1.7801536176293435,0.33926754858198765,0,Aggressive Growth,0,Aggressive Growth
O,-7.463321951792916e-05,0.3518976399641798,0.18517876431541969,1,Defensive / Low-Risk,1,Defensive / Low-Risk
ODFL,0.0005150814430440026,1.1730855760888337,0.3191609354220362,0,Aggressive Growth,0,Aggressive Growth
OKE,0.0014162218410748112,0.6568193136626843,0.22118477252209962,1,Defensive / Low-Risk,1,Defensive / Low-Risk
OMC,0.00019855119681169798,0.8107469279621444,0.23696638103744289,1,Defensive / Low-Risk,1,Defensive / Low-Risk
ON,-7.447165646913659e-05,2.029087865282847,0.4618567562664258,1,Defensive / Low-Risk,0,Aggressive Growth
ORCL,0.0016127654951966707,1.3641057845333764,0.331105745626375,0,Aggressive Growth,0,Aggressive Growth
ORLY,0.0006491176407613056,0.44535712578211867,0.19540192535997164,1,Defensive / Low-Risk,1,Defensive / Low-Risk
OTIS,0.00032901101404776326,0.7756262566419644,0.18033490517520773,1,Defensive / Low-Risk,1,Defensive / Low-Risk
OXY,-0.0002468785214607794,0.4577649036489882,0.23176337030338925,1,Defensive / Low-Risk,1,Defensive / Low-Risk
PANW,0.00207692116256281,1.3812661517935179,0.42219386959651956,0,Aggressive Growth,0,Aggressive Growth
PAYX,0.0008463902005527468,0.6540793349228888,0.19365326221375082,1,Defensive / Low-Risk,1,Defensive / Low-Risk
PCAR,0.0012282979994730067,0.9410518648363017,0.24024525690381993,1,Defensive / Low-Risk,0,Aggressive Growth
PCG,0.0004636361897398548,0.3745305949645783,0.1977168577591233,1,Defensive / Low-Risk,1,Defensive / Low-Risk
PEG,0.0008984385990553222,0.42155967118996435,0.1885937199501049,1,Defensive / Low-Risk,1,Defensive / Low-Risk
PEP,-0.00039791671196316486,0.197630462150055,0.1604820209521707,1,Defensive / Low-Risk,1,Defensive / Low-Risk
PFE,-0.0005355851193991467,0.2938984731200722,0.23960697678881823,1,Defensive / Low-Risk,1,Defensive / Low-Risk
PFG,0.000507423810436098,0.8449915366180358,0.21739126127984584,1,Defensive / Low-Risk,1,Defensive / Low-Risk
PG,0.00031304274930877207,0.13362374574807828,0.1483455476999261,1,Defensive / Low-Risk,1,Defensive / Low-Risk
PGR,0.0016827781847430531,0.169110979752214,0.24897347940352096,1,Defensive / Low-Risk,1,Defensive / Low-Risk
PH,0.0018190366362722517,1.3234608447492824,0.26074457396930667,0,Aggressive Growth,0,Aggressive Growth
PHM,0.001407748122885453,1.1223195315198609,0.30888225801375346,0,Aggressive Growth,0,Aggressive Growth
PKG,0.0014611910315435264,0.5710503793430979,0.19973971227636614,1,Defensive / Low-Risk,1,Defensive / Low-Risk
PLD,-0.00015081749566913603,0.9539180863887098,0.2490748162672629,1,Defensive / Low-Risk,1,Defensive / Low-Risk
PLTR,0.006443333584228033,2.616655153879336,0.6711993370535349,0,Aggressive Growth,0,Aggressive Growth
PM,0.000863644500947086,0.2591118192397383,0.18206120515479735,1,Defensive / Low-Risk,1,Defensive / Low-Risk
PNC,0.001549382741147371,0.9728036761301987,0.2553989988297537,0,Aggressive Growth,0,Aggressive Growth
PNR,0.001521938908109817,1.0595173715535469,0.24531852539515275,0,Aggressive Growth,0,Aggressive Growth
PNW,0.0003816702067937581,0.2621488225733027,0.1902058913423895,1,Defensive / Low-Risk,1,Defensive / Low-Risk
PODD,-0.00018385503835856493,0.9529479123120973,0.40317895670754056,1,Defensive / Low-Risk,0,Aggressive Growth
POOL,0.0002030373968189687,1.0330597396673655,0.3003450169114657,0,Aggressive Growth,0,Aggressive Growth
PPG,-0.0001455555066784309,0.7673579996139357,0.19258311240640014,1,Defensive / Low-Risk,1,Defensive / Low-Risk
PPL,0.0005025779383968008,0.2693048308107428,0.1700457729888877,1,Defensive / Low-Risk,1,Defensive / Low-Risk
PRU,0.0012734355626209711,0.9387819468041149,0.2196942733048235,1,Defensive / Low-Risk,1,Defensive / Low-Risk
PSA,0.00034833816675410175,0.6224278041117911,0.22776684038090186,1,Defensive / Low-Risk,1,Defensive / Low-Risk
PSKY,-0.00047700476952503674,0.9694038847083526,0.5233840416013942,1,Defensive / Low-Risk,0,Aggressive Growth
PSX,0.0007773072810018746,0.5355884819886082,0.2506397795301453,1,Defensive / Low-Risk,1,Defensive / Low-Risk
PTC,0.0010086726259684303,1.099213686920727,0.2094319434850841,1,Defensive / Low-Risk,1,Defensive / Low-Risk
PWR,0.0017459820848829972,1.4816735085539217,0.3075591815981264,0,Aggressive Growth,0,Aggressive Growth
PYPL,0.0006723205671672897,1.351905223855707,0.3582368552694231,0,Aggressive Growth,0,Aggressive Growth
QCOM,0.0012211817914902774,1.8021111380156554,0.35339309372444466,0,Aggressive Growth,0,Aggressive Growth
RCL,0.0030306782111445304,1.4410039864161983,0.3334243170865358,0,Aggressive Growth,0,Aggressive Growth
REG,0.0007431055431582841,0.562391818611953,0.1936194762220636,1,Defensive / Low-Risk,1,Defensive / Low-Risk
REGN,-4.17217573845428e-05,0.6118340176425178,0.2168319350518066,1,Defensive / Low-Risk,1,Defensive / Low-Risk
RF,0.0013471758182455318,1.1518851783036095,0.3041179819610336,0,Aggressive Growth,0,Aggressive Growth
RJF,0.0016601423704594776,0.9083529504982485,0.24068769757156985,0,Aggressive Growth,0,Aggressive Growth
RL,0.002045998770064997,1.0585673624015792,0.30408020064343494,0,Aggressive Growth,0,Aggressive Growth
RMD,0.00027604026446472895,0.9594042981455689,0.36821408671066225,1,Defensive / Low-Risk,0,Aggressive Growth
ROK,0.0003208982411922313,1.3092141312540024,0.3049663650759015,0,Aggressive Growth,0,Aggressive Growth
ROL,0.00040240474597929307,0.50031173082255,0.2232075366065028,1,Defensive / Low-Risk,1,Defensive / Low-Risk
ROP,0.00040088407743490257,0.8144677099172651,0.16333491575270523,1,Defensive / Low-Risk,1,Defensive / Low-Risk
ROST,0.0010582056650273153,0.7512635678848103,0.2118878999163103,1,Defensive / Low-Risk,1,Defensive / Low-Risk
RSG,0.0008563019323471438,0.33834732121950234,0.14052231196102302,1,Defensive / Low-Risk,1,Defensive / Low-Risk
RTX,0.0006438183765309783,0.33136311071749336,0.21145728504782924,1,Defensive / Low-Risk,1,Defensive / Low-Risk
RVTY,-0.00019596603964948866,0.8000706911968178,0.30036981900147347,1,Defensive / Low-Risk,1,Defensive / Low-Risk
SATS,0.0017877711887820402,1.3517457185573691,0.6838840272968901,1,Defensive / Low-Risk,0,Aggressive Growth
SBAC,-0.00015528283848750184,0.5161857757095821,0.27341389866278015,1,Defensive / Low-Risk,1,Defensive / Low-Risk
SBUX,-3.564953642858185e-05,0.8234360587538887,0.31962809683761484,1,Defensive / Low-Risk,1,Defensive / Low-Risk
SCHW,0.0013070182268262222,0.8839762875296096,0.29273880424269627,1,Defensive / Low-Risk,0,Aggressive Growth
SHW,0.0010895646729401642,0.9133447206218221,0.21002939489384057,1,Defensive / Low-Risk,1,Defensive / Low-Risk
SJM,-0.0006168913340794075,0.11169434910042088,0.2197590007999652,1,Defensive / Low-Risk,1,Defensive / Low-Risk
SLB,-0.00014056578558964698,0.7297611481019888,0.2782077034417837,1,Defensive / Low-Risk,1,Defensive / Low-Risk
SMCI,0.004025241325016722,3.1132769074581055,1.0342902342474642,0,Aggressive Growth,0,Aggressive Growth
SNA,0.0008587525716427121,0.8426627233230497,0.22137123891852353,1,Defensive / Low-Risk,1,Defensive / Low-Risk
SNPS,0.0009007071471973728,1.7920980406266,0.3385842303633865,0,Aggressive Growth,0,Aggressive Growth
SO,0.0004653626607206827,0.1436668187843304,0.17403493289971064,1,Defensive / Low-Risk,1,Defensive / Low-Risk
SPG,0.001452437965760487,0.8439294408085593,0.21948277668176283,1,Defensive / Low-Risk,1,Defensive / Low-Risk
SPGI,0.0009643938063338805,0.8483913896075141,0.18148984132307563,1,Defensive / Low-Risk,1,Defensive / Low-Risk
SRE,0.000523354806627002,0.40832563240394,0.18630331389495416,1,Defensive / Low-Risk,1,Defensive / Low-Risk
STE,0.00033624394580118435,0.5910198885759058,0.21796597392385492,1,Defensive / Low-Risk,1,Defensive / Low-Risk
STLD,0.0006565981810978286,1.0901300931216031,0.3112483027385507,0,Aggressive Growth,0,Aggressive Growth
STT,0.0011628441145479045,0.8607525859177341,0.2346613939557434,1,Defensive / Low-Risk,1,Defensive / Low-Risk
STX,0.0014143667514242447,1.1681371146228121,0.3150258923680265,0,Aggressive Growth,0,Aggressive Growth
STZ,0.000111141351615475,0.44348236563798377,0.1891793041747594,1,Defensive / Low-Risk,1,Defensive / Low-Risk
SW,0.001455711763970814,0.5765674496271466,0.4069207009643019,1,Defensive / Low-Risk,0,Aggressive Growth
SWK,0.0001818841500261586,1.0626227264599803,0.31777289647406065,0,Aggressive Growth,0,Aggressive Growth
SWKS,-2.0990465597094695e-06,1.6010107807882985,0.33157343840422876,0,Aggressive Growth,0,Aggressive Growth
SYF,0.0024257225405905788,1.22771104848666,0.32425571489405014,0,Aggressive Growth,0,Aggressive Growth
SYK,0.0006842114185495561,0.657724919443515,0.19985742697787218,1,Defensive / Low-Risk,1,Defensive / Low-Risk
SYY,0.00019428150678145494,0.3891761061724854,0.1830543923348536,1,Defensive / Low-Risk,1,Defensive / Low-Risk
T,0.0010490354352578582,0.047347685140469296,0.22890308157502515,1,Defensive / Low-Risk,1,Defensive / Low-Risk
TAP,-8.465460846487596e-05,0.43029922173322527,0.21856158643083537,1,Defensive / Low-Risk,1,Defensive / Low-Risk
TDG,0.0015481394543261427,0.9714237477177816,0.2296036835780744,1,Defensive / Low-Risk,0,Aggressive Growth
TDY,0.00039807790958943523,0.786994857289306,0.2144691163393075,1,Defensive / Low-Risk,1,Defensive / Low-Risk
TECH,-0.0001201438371805544,1.0208197581309728,0.3437887120525789,1,Defensive / Low-Risk,0,Aggressive Growth
TEL,0.0005920343006756185,1.0746464336224955,0.20661100511928943,1,Defensive / Low-Risk,1,Defensive / Low-Risk
TER,0.0011411508577458397,2.177658725724944,0.39848719240285313,0,Aggressive Growth,0,Aggressive Growth
TFC,0.0016443862227474956,1.2657884039804503,0.30727653085884854,0,Aggressive Growth,0,Aggressive Growth
TGT,9.624428575013235e-05,0.6356775632513628,0.35587692648336305,1,Defensive / Low-Risk,1,Defensive / Low-Risk
TJX,0.0011930158590094805,0.6556848155937463,0.1642705119203693,1,Defensive / Low-Risk,1,Defensive / Low-Risk
TKO,0.001037189325006793,0.5523614002800461,0.3382745779979085,1,Defensive / Low-Risk,0,Aggressive Growth
TMO,-1.914063214360424e-05,0.7018391461720739,0.20578274463503657,1,Defensive / Low-Risk,1,Defensive / Low-Risk
TMUS,0.0011793985434822459,0.337235954872167,0.17789399211609297,1,Defensive / Low-Risk,1,Defensive / Low-Risk
TPL,0.0025164360101242018,0.8027011285642563,0.4260328553342539,0,Aggressive Growth,0,Aggressive Growth
TPR,0.0016808904889198662,0.9966715292463515,0.35283886760951133,1,Defensive / Low-Risk,0,Aggressive Growth
TRGP,0.0024631588826098047,0.6738175553282634,0.23629916013295119,0,Aggressive Growth,0,Aggressive Growth
TRMB,0.0011283977033080324,1.25108337241151,0.3037193820010121,0,Aggressive Growth,0,Aggressive Growth
TROW,0.000467737036310102,1.2826648357656325,0.24547813789259895,0,Aggressive Growth,0,Aggressive Growth
TRV,0.0008841825192277738,0.4478987464412571,0.21150094174292997,1,Defensive / Low-Risk,1,Defensive / Low-Risk
TSCO,0.00046775931860299576,0.7876343005629263,0.24607329356042232,1,Defensive / Low-Risk,1,Defensive / Low-Risk
TSLA,0.0028524604814560033,2.3606722893910344,0.5766144757435281,0,Aggressive Growth,0,Aggressive Growth
TSN,0.00017020163412267338,0.11823638747738825,0.25438981684513184,1,Defensive / Low-Risk,1,Defensive / Low-Risk
TT,0.001946771513083269,1.0527475610766,0.24286451259566,0,Aggressive Growth,0,Aggressive Growth
TTD,0.0019256637493987444,1.733736080184124,0.431382089227275,0,Aggressive Growth,0,Aggressive Growth
TTWO,0.0011404073136234924,0.8860903973296798,0.24652068926123982,1,Defensive / Low-Risk,1,Defensive / Low-Risk
TXN,0.0006040891324937208,1.3624425739435715,0.25967312377164814,0,Aggressive Growth,0,Aggressive Growth
TXT,0.0004932223538383557,0.8676691474203431,0.23843541324063744,1,Defensive / Low-Risk,1,Defensive / Low-Risk
TYL,0.0010732821533453911,0.8362265620078376,0.23505133479255216,1,Defensive / Low-Risk,1,Defensive / Low-Risk
UAL,0.0022755924900518375,1.4210452266427496,0.40273730524833656,0,Aggressive Growth,0,Aggressive Growth
UBER,0.0014102717699162077,1.3929264018294676,0.3702816177238333,0,Aggressive Growth,0,Aggressive Growth
UDR,0.00041984153087986135,0.719885129972348,0.2079497572659243,1,Defensive / Low-Risk,1,Defensive / Low-Risk
UHS,0.0007380047673682512,0.7155346504010411,0.2664262316584329,1,Defensive / Low-Risk,1,Defensive / Low-Risk
ULTA,-0.00017903291174534825,0.7827531308759232,0.3323512710900769,1,Defensive / Low-Risk,1,Defensive / Low-Risk
UNH,0.0002753554213033552,0.16411253829977837,0.24676580059765382,1,Defensive / Low-Risk,1,Defensive / Low-Risk
UNP,0.0005232391731663559,0.6219762697808499,0.19841695850713698,1,Defensive / Low-Risk,1,Defensive / Low-Risk
UPS,-0.00045636535705489246,0.7457245118927907,0.24416539014007912,1,Defensive / Low-Risk,1,Defensive / Low-Risk
URI,0.0021269372419276656,1.7201206039017995,0.3554685352916162,0,Aggressive Growth,0,Aggressive Growth
USB,0.0015853812671541246,1.1929712428229775,0.2994462537264039,0,Aggressive Growth,0,Aggressive Growth
V,0.0008928119282928893,0.6637701457980724,0.16110476355057857,1,Defensive / Low-Risk,1,Defensive / Low-Risk
VICI,4.841603075982667e-05,0.5550996340600123,0.1861938524209986,1,Defensive / Low-Risk,1,Defensive / Low-Risk
VLO,0.0006768102893710857,0.574471808063292,0.2844001851389441,1,Defensive / Low-Risk,1,Defensive / Low-Risk
VMC,0.0008542455393663798,1.0457486762807624,0.22316926106640422,1,Defensive / Low-Risk,1,Defensive / Low-Risk
VRSK,0.0007881563071158911,0.3735994570348255,0.17918880968021544,1,Defensive / Low-Risk,1,Defensive / Low-Risk
VRSN,-8.346768437937628e-05,0.5868829603503969,0.18968747677414186,1,Defensive / Low-Risk,1,Defensive / Low-Risk
VRT,0.005584748165755036,2.259167489186933,0.558148476568246,0,Aggressive Growth,0,Aggressive Growth
VRTX,0.00048287131233289566,0.6635829091076019,0.24938495691744286,1,Defensive / Low-Risk,1,Defensive / Low-Risk
VST,0.004780015973863685,1.4722758772543287,0.46343806726313014,0,Aggressive Growth,0,Aggressive Growth
VTR,0.0007594333318643931,0.5931498114438665,0.2315579408670767,1,Defensive / Low-Risk,1,Defensive / Low-Risk
VTRS,0.0011137289152191138,0.6460258858454786,0.2829644028174007,1,Defensive / Low-Risk,1,Defensive / Low-Risk
VZ,0.0005108022845752505,0.1499722950750684,0.22393780693822649,1,Defensive / Low-Risk,1,Defensive / Low-Risk
WAB,0.0017029289012896452,0.922575584571372,0.2037786238865682,1,Defensive / Low-Risk,1,Defensive / Low-Risk
WAT,0.0007462187656453814,0.9774155377918365,0.32556995928592003,0,Aggressive Growth,0,Aggressive Growth
WBD,0.00015895506195138452,1.2015878831900495,0.5153833047274181,1,Defensive / Low-Risk,0,Aggressive Growth
WDAY,0.0010495447054482939,1.0751657470161524,0.32570567890067903,0,Aggressive Growth,0,Aggressive Growth
WDC,0.0016971391999862486,1.6090460454671383,0.3766714939719828,0,Aggressive Growth,0,Aggressive Growth
WEC,0.00018687920515509965,0.1899112273815508,0.17838209563842405,1,Defensive / Low-Risk,1,Defensive / Low-Risk
WELL,0.0013752679016826965,0.5658118254150565,0.20254650648489742,1,Defensive / Low-Risk,1,Defensive / Low-Risk
WFC,0.0018021422477192373,0.9114173773563115,0.2704702824613064,0,Aggressive Growth,0,Aggressive Growth
WM,0.0005653478588338762,0.3004264604871731,0.1706900772851195,1,Defensive / Low-Risk,1,Defensive / Low-Risk
WMB,0.0017616431557336912,0.5686547340202456,0.18974334902969472,1,Defensive / Low-Risk,1,Defensive / Low-Risk
WMT,0.0015164779000148014,0.32848569898897656,0.17133002980803216,1,Defensive / Low-Risk,1,Defensive / Low-Risk
WRB,0.00118654341686458,0.32578714838250666,0.2062055627464881,1,Defensive / Low-Risk,1,Defensive / Low-Risk
WSM,0.0032901834150029434,1.3702835394380726,0.46743502844856694,0,Aggressive Growth,0,Aggressive Growth
WST,-4.8213747881911925e-05,0.8649951125693985,0.3387582518797761,1,Defensive / Low-Risk,1,Defensive / Low-Risk
WTW,0.0009367860546531651,0.31955309045880675,0.20033918289625743,1,Defensive / Low-Risk,1,Defensive / Low-Risk
WY,0.0001396398642104801,0.7109527290505143,0.22166266707644128,1,Defensive / Low-Risk,1,Defensive / Low-Risk
WYNN,-0.00033188759744977265,0.983118401093318,0.31180795118625937,1,Defensive / Low-Risk,1,Defensive / Low-Risk
XEL,0.0001610148487790084,0.13620117224038367,0.20618512714806772,1,Defensive / Low-Risk,1,Defensive / Low-Risk
XOM,0.0002603197337822859,0.23304532328913918,0.2052109655396841,1,Defensive / Low-Risk,1,Defensive / Low-Risk
XYL,0.0003475221320391154,0.9848414893046377,0.21080108684156862,1,Defensive / Low-Risk,1,Defensive / Low-Risk
XYZ,0.0012600237991138483,2.049447566356151,0.4734010987095801,0,Aggressive Growth,0,Aggressive Growth
YUM,9.413208975344346e-05,0.5379916963350726,0.1612402426045971,1,Defensive / Low-Risk,1,Defensive / Low-Risk
ZBH,-0.0004899955172005002,0.5793516893007784,0.21535458130158283,1,Defensive / Low-Risk,1,Defensive / Low-Risk
ZBRA,0.0011533128838796393,1.4166683123985346,0.3532210558448127,0,Aggressive Growth,0,Aggressive Growth
ZTS,-5.817967018198115e-05,0.8000055795007558,0.2519794960388059,1,Defensive / Low-Risk,1,Defensive / Low-Risk
